{"loss":0.7323966026306152,"loss_ema":0.7376852825147046,"_timestamp":1.7746566688028421e+09,"_step":111000,"samples":{"path":"media/images/samples_110999_72180f2c404bea3ee911.png","format":"png","width":1000,"height":1000,"_type":"image-file","sha256":"72180f2c404bea3ee911af2c7bc7e48a97a252ec7c9101b5529d3f1780347a2f","size":81895},"_wandb":{"runtime":576},"_runtime":576.07996875}